CPC4	title
A01B	SOIL WORKING IN AGRICULTURE OR FORESTRY; PARTS, DETAILS, OR ACCESSORIES OF AGRICULTURAL MACHINES OR IMPLEMENTS, IN GENERAL 
A01C	PLANTING; SOWING; FERTILISING 
A01D	HARVESTING; MOWING 
A01F	PROCESSING OF HARVESTED PRODUCE; HAY OR STRAW PRESSES; DEVICES FOR STORING AGRICULTURAL OR HORTICULTURAL PRODUCE 
A01G	HORTICULTURE; CULTIVATION OF VEGETABLES, FLOWERS, RICE, FRUIT, VINES, HOPS OR SEAWEED; FORESTRY; WATERING 
A01H	NEW PLANTS OR PROCESSES FOR OBTAINING THEM; PLANT REPRODUCTION BY TISSUE CULTURE TECHNIQUES
A01J	MANUFACTURE OF DAIRY PRODUCTS 
A01K	ANIMAL HUSBANDRY; CARE OF BIRDS, FISHES, INSECTS; FISHING; REARING OR BREEDING ANIMALS, NOT OTHERWISE PROVIDED FOR; NEW BREEDS OF ANIMALS
A01L	SHOEING OF ANIMALS 
A01M	CATCHING OR TRAPPING OF ANIMALS ; APPARATUS FOR THE DESTRUCTION OF NOXIOUS ANIMALS OR NOXIOUS PLANTS 
A01N	PRESERVATION OF BODIES OF HUMANS OR ANIMALS OR PLANTS OR PARTS THEREOF; BIOCIDES, e.g. AS DISINFECTANTS, AS PESTICIDES, AS HERBICIDES ; PEST REPELLANTS OR ATTRACTANTS ; PLANT GROWTH REGULATORS 
A21B	MACHINES OR EQUIPMENT FOR BAKING 
A21C	MACHINES OR EQUIPMENT FOR MAKING OR PROCESSING DOUGHS; HANDLING BAKED ARTICLES MADE FROM DOUGH
A21D	TREATMENT, e.g. PRESERVATION, OF FLOUR OR DOUGH, e.g. BY ADDITION OF MATERIALS; BAKING; BAKERY PRODUCTS; PRESERVATION THEREOF
A22B	SLAUGHTERING
A22C	PROCESSING MEAT, POULTRY, OR FISH 
A23B	CHEMICAL RIPENING OF FRUIT OR VEGETABLES; THE PRESERVED, RIPENED, OR CANNED PRODUCTS 
A23C	DAIRY PRODUCTS, e.g. MILK, BUTTER, CHEESE; MILK OR CHEESE SUBSTITUTES; MAKING THEREOF 
A23D	EDIBLE OILS OF FATS, e.g. MARGARINES, SHORTENINGS, COOKING OILS 
A23F	COFFEE; TEA; THEIR SUBSTITUTES; MANUFACTURE, PREPARATION, OR INFUSION THEREOF 
A23G	COCOA; COCOA PRODUCTS, e.g. CHOCOLATE; SUBSTITUTES FOR COCOA OR COCOA PRODUCTS; CONFECTIONERY; CHEWING GUM; ICE-CREAM; PREPARATION THEREOF
A23J	PROTEIN COMPOSITIONS FOR FOODSTUFFS; WORKING-UP PROTEINS FOR FOODSTUFFS; PHOSPHATIDE COMPOSITIONS FOR FOODSTUFFS 
A23K	FODDER
A23L	FOODS, FOODSTUFFS, OR NON-ALCOHOLIC BEVERAGES, NOT COVERED BY SUBCLASSES A23B - A23J; THEIR PREPARATION OR TREATMENT, e.g. COOKING, MODIFICATION OF NUTRITIVE QUALITIES, PHYSICAL TREATMENT ; PRESERVATION OF FOODS OR FOODSTUFFS, IN GENERAL
A23N	MACHINES OR APPARATUS FOR TREATING HARVESTED FRUIT, VEGETABLES OR FLOWER BULBS IN BULK, NOT OTHERWISE PROVIDED FOR; PEELING VEGETABLES OR FRUIT IN BULK; APPARATUS FOR PREPARING ANIMAL FEEDING- STUFFS 
A23P	SHAPING OR WORKING OF FOODSTUFFS, NOT FULLY COVERED BY A SINGLE OTHER SUBCLASS 
A23V	INDEXING SCHEME RELATING TO FOODS, FOODSTUFFS OR NON-ALCOHOLIC BEVERAGES
A23Y	INDEXING SCHEME RELATING TO LACTIC OR PROPIONIC ACID BACTERIA USED IN FOODSTUFFS OR FOOD PREPARATION
A24B	MANUFACTURE OR PREPARATION OF TOBACCO FOR SMOKING OR CHEWING; TOBACCO; SNUFF
A24C	MACHINES FOR MAKING CIGARS OR CIGARETTES
A24D	CIGARS; CIGARETTES; TOBACCO SMOKE FILTERS; MOUTHPIECES FOR CIGARS OR CIGARETTES; MANUFACTURE OF TOBACCO SMOKE FILTERS OR MOUTHPIECES
A24F	MATCH BOXES 
A41B	SHIRTS; UNDERWEAR; BABY LINEN; HANDKERCHIEFS
A41C	CORSETS; BRASSIERES
A41D	OUTERWEAR; ACCESSORIES 
A41F	GARMENT FASTENINGS; SUSPENDERS
A41G	ARTIFICIAL FLOWERS; WIGS; MASKS; FEATHERS
A41H	APPLIANCES OR METHODS FOR MAKING CLOTHES, e.g. FOR DRESS-MAKING, FOR TAILORING, NOT OTHERWISE PROVIDED FOR 
A42B	HATS; HEAD COVERINGS 
A42C	MANUFACTURING OR TRIMMING HATS OR OTHER HEAD COVERINGS
A43B	CHARACTERISTIC FEATURES OF FOOTWEAR; PARTS OF FOOTWEAR
A43C	FASTENINGS OR ATTACHMENTS OF FOOTWEAR; LACES IN GENERAL
A43D	MACHINES, TOOLS, EQUIPMENT OR METHODS FOR MANUFACTURING OR REPAIRING FOOTWEAR
A44B	BUTTONS, PINS, BUCKLES, SLIDE FASTENERS, OR THE LIKE 
A44C	JEWELLERY; BRACELETS; OTHER PERSONAL ADORNMENTS; COINS 
A44D	INDEXING SCHEME RELATING TO BUTTONS, PINS, BUCKLES OR SLIDE FASTENERS, AND TO JEWELLERY, BRACELETS OR OTHER PERSONAL ADORNMENTS
A45B	WALKING STICKS ; UMBRELLAS
A45C	PURSES; LUGGAGE; HAND CARRIED BAGS 
A45D	HAIRDRESSING OR SHAVING EQUIPMENT; MANICURING OR OTHER COSMETIC TREATMENT 
A45F	TRAVELLING OR CAMP EQUIPMENT: SACKS OR PACKS CARRIED ON THE BODY
A46B	BRUSHES 
A46D	MANUFACTURE OF BRUSHES
A47B	TABLES; DESKS; OFFICE FURNITURE; CABINETS; DRAWERS; GENERAL DETAILS OF FURNITURE 
A47C	CHAIRS ; SOFAS; BEDS 
A47D	FURNITURE SPECIALLY ADAPTED FOR CHILDREN 
A47F	SPECIAL FURNITURE, FITTINGS, OR ACCESSORIES FOR SHOPS, STOREHOUSES, BARS, RESTAURANTS OR THE LIKE; PAYING COUNTERS
A47G	HOUSEHOLD OR TABLE EQUIPMENT 
A47H	FURNISHINGS FOR WINDOWS OR DOORS 
A47J	KITCHEN EQUIPMENT ; COFFEE MILLS; SPICE MILLS; APPARATUS FOR MAKING BEVERAGES 
A47K	SANITARY EQUIPMENT NOT OTHERWISE PROVIDED FOR ; TOILET ACCESSORIES 
A47L	DOMESTIC WASHING OR CLEANING ; SUCTION CLEANERS IN GENERAL 
A61B	DIAGNOSIS; SURGERY; IDENTIFICATION 
A61C	DENTISTRY; APPARATUS OR METHODS FOR ORAL OR DENTAL HYGIENE 
A61D	VETERINARY INSTRUMENTS, IMPLEMENTS, TOOLS, OR METHODS
A61F	FILTERS IMPLANTABLE INTO BLOOD VESSELS; PROSTHESES; ORTHOPAEDIC, NURSING OR CONTRACEPTIVE DEVICES; FOMENTATION; TREATMENT OR PROTECTION OF EYES OR EARS; BANDAGES, DRESSINGS OR ABSORBENT PADS; FIRST-AID KITS 
A61G	TRANSPORT OR ACCOMODATION FOR PATIENTS; OPERATING TABLES OR CHAIRS; CHAIRS FOR DENTISTRY; FUNERAL DEVICES 
A61H	PHYSICAL THERAPY APPARATUS, e.g. DEVICES FOR LOCATING OR STIMULATING REFLEX POINTS IN THE BODY; ARTIFICIAL RESPIRATION; MASSAGE; BATHING DEVICES FOR SPECIAL THERAPEUTIC OR HYGIENIC PURPOSES OR SPECIFIC PARTS OF THE BODY 
A61J	CONTAINERS SPECIALLY ADAPTED FOR MEDICAL OR PHARMACEUTICAL PURPOSES; DEVICES OR METHODS SPECIALLY ADAPTED FOR BRINGING PHARMACEUTICAL PRODUCTS INTO PARTICULAR PHYSICAL OR ADMINISTERING FORMS; DEVICES FOR ADMINISTERING FOOD OR MEDICINES ORALLY; BABY COMFORT
A61K	PREPARATIONS FOR MEDICAL, DENTAL, OR TOILET PURPOSES 
A61L	METHODS OR APPARATUS FOR STERILISING MATERIALS OR OBJECTS IN GENERAL; DISINFECTION, STERILISATION, OR DEODORISATION OF AIR; CHEMICAL ASPECTS OF BANDAGES, DRESSINGS, ABSORBENT PADS, OR SURGICAL ARTICLES; MATERIALS FOR BANDAGES, DRESSINGS, ABSORBENT PADS, OR
A61M	DEVICES FOR INTRODUCING MEDIA INTO, OR ONTO, THE BODY ; DEVICES FOR TRANSDUCING BODY MEDIA OR FOR TAKING MEDIA FROM THE BODY ; DEVICES FOR PRODUCING OR ENDING SLEEP OR STUPOR
A61N	ELECTROTHERAPY; MAGNETOTHERAPY; RADIATION THERAPY; ULTRASOUND THERAPY 
A61Q	SPECIFIC USE OF COSMETICS OR SIMILAR TOILET PREPARATIONS
A62B	DEVICES, APPARATUS OR METHODS FOR LIFE-SAVING ; B64D17/00, B64D25/10
A62C	FIRE-FIGHTING 
A62D	CHEMICAL MEANS FOR EXTINGUISHING FIRES OR FOR COMBATING OR PROTECTING AGAINST HARMFUL CHEMICAL AGENTS; CHEMICAL MATERIALS FOR USE IN BREATHING APPARATUS
A63B	APPARATUS FOR PHYSICAL TRAINING, GYMNASTICS, SWIMMING, CLIMBING, OR FENCING; BALL GAMES; TRAINING EQUIPMENT 
A63C	SKATES; SKIS; ROLLER SKATES; DESIGN OR LAYOUT OF COURTS, RINKS OR THE LIKE 
A63D	BOWLING-ALLEYS; BOWLING GAMES; BOCCIA; BOWLS; BAGATELLE; BILLIARDS 
A63F	CARD, BOARD, OR ROULETTE GAMES; INDOOR GAMES USING SMALL MOVING PLAYING BODIES; VIDEO GAMES; GAMES NOT OTHERWISE PROVIDED FOR
A63G	MERRY-GO-ROUNDS; SWINGS; ROCKING-HORSES; CHUTES; SWITCHBACKS; SIMILAR DEVICES FOR PUBLIC AMUSEMENT
A63H	TOYS, e.g. TOPS, DOLLS, HOOPS, BUILDING BLOCKS
A63J	DEVICES FOR THEATRES, CIRCUSES, OR THE LIKE; CONJURING APPLIANCES OR THE LIKE
A63K	RACING; RIDING SPORTS; EQUIPMENT OR ACCESSORIES THEREFOR 
B01B	BOILING; BOILING APPARATUS; ; EVAPORATION; EVAPORATION APPARATUS
B01D	SEPARATION 
B01F	MIXING, e.g. DISSOLVING, EMULSIFYING, DISPERSING 
B01J	CHEMICAL OR PHYSICAL PROCESSES, e.g. CATALYSIS, COLLOID CHEMISTRY; THEIR RELEVANT APPARATUS 
B01L	CHEMICAL OR PHYSICAL LABORATORY APPARATUS FOR GENERAL USE 
B02B	PREPARING GRAIN FOR MILLING; REFINING GRANULAR FRUIT TO COMMERCIAL PRODUCTS BY WORKING THE SURFACE 
B02C	CRUSHING, PULVERISING, OR DISINTEGRATING IN GENERAL; MILLING GRAIN 
B03B	SEPARATING SOLID MATERIALS USING LIQUIDS OR USING PNEUMATIC TABLES OR JIGS 
B03C	MAGNETIC OR ELECTROSTATIC SEPARATION OF SOLID MATERIALS FROM SOLID MATERIALS OR FLUIDS; SEPARATION BY HIGH-VOLTAGE ELECTRIC FIELDS 
B03D	FLOTATION; DIFFERENTIAL SEDIMENTATION 
B04B	CENTRIFUGES 
B04C	APPARATUS USING FREE VORTEX FLOW, e.g. CYCLONES 
B05B	SPRAYING APPARATUS; ATOMISING APPARATUS; NOZZLES 
B05C	APPARATUS FOR APPLYING LIQUIDS OR OTHER FLUENT MATERIALS TO SURFACES, IN GENERAL 
B05D	PROCESSES FOR APPLYING LIQUIDS OR OTHER FLUENT MATERIALS TO SURFACES, IN GENERAL 
B06B	METHODS OR APPARATUS FOR GENERATING OR TRANSMITTING MECHANICAL VIBRATIONS OF INFRASONIC, SONIC, OR ULTRASONIC FREQUENCY, ; e.g.;  FOR PERFORMING MECHANICAL WORK IN GENERAL ;  H04R
B07B	SEPERATING SOLIDS FROM SOLIDS BY SIEVING, SCREENING, OR SIFTING OR BY USING GAS CURRENTS; OTHER SEPARATING BY DRY METHODS APPLICABLE TO BULK MATERIAL, e.g. LOOSE ARTICLES FIT TO BE HANDLED LIKE BULK MATERIAL 
B07C	POSTAL SORTING; SORTING INDIVIDUAL ARTICLES, OR BULK MATERIAL FIT TO BE SORTED PIECE-MEAL, e.g. BY PICKING 
B08B	CLEANING IN GENERAL; PREVENTION OF FOULING IN GENERAL 
B09B	DISPOSAL OF SOLID WASTE
B09C	RECLAMATION OF CONTAMINATED SOIL 
B21B	ROLLING OF METAL 
B21C	MANUFACTURE OF METAL SHEETS, WIRE, RODS, TUBES OR PROFILES, OTHERWISE THAN BY ROLLING; AUXILIARY OPERATIONS USED IN CONNECTION WITH METAL-WORKING WITHOUT ESSENTIALLY REMOVING MATERIAL
B21D	WORKING OR PROCESSING OF SHEET METAL OR METAL TUBES, RODS OR PROFILES WITHOUT ESSENTIALLY REMOVING MATERIAL; PUNCHING METAL 
B21F	WORKING OR PROCESSING OF METAL WIRE 
B21G	MAKING NEEDLES, PINS OR NAILS OF METAL
B21H	MAKING PARTICULAR METAL OBJECTS BY ROLLING, e.g. SCREWS, WHEELS, RINGS, BARRELS, BALLS 
B21J	FORGING; HAMMERING; PRESSING METAL; RIVETING; FORGE FURNACES 
B21K	MAKING FORGED OR PRESSED METAL PRODUCTS, e.g. HORSE-SHOES, RIVETS, BOLTS OR WHEELS 
B21L	MAKING METAL CHAINS 
B22C	FOUNDRY MOULDING 
B22D	CASTING OF METALS; CASTING OF OTHER SUBSTANCES BY THE SAME PROCESSES OR DEVICES 
B22F	WORKING METALLIC POWDER; MANUFACTURE OF ARTICLES FROM METALLIC POWDER; MAKING METALLIC POWDER 
B23B	TURNING; BORING 
B23C	MILLING 
B23D	PLANING; SLOTTING; SHEARING; BROACHING; SAWING; FILING; SCRAPING; LIKE OPERATIONS FOR WORKING METAL BY REMOVING MATERIAL, NOT OTHERWISE PROVIDED FOR 
B23F	MAKING GEARS OR TOOTHED RACKS 
B23G	THREAD CUTTING; WORKING OF SCREWS, BOLT HEADS, OR NUTS, IN CONJUNCTION THEREWITH 
B23H	WORKING OF METAL BY THE ACTION OF A HIGH CONCENTRATION OF ELECTRIC CURRENT ON A WORKPIECE USING AN ELECTRODE WHICH TAKES THE PLACE OF A TOOL; SUCH WORKING COMBINED WITH OTHER FORMS OF WORKING OF METAL 
B23K	SOLDERING OR UNSOLDERING; WELDING; CLADDING OR PLATING BY SOLDERING OR WELDING; CUTTING BY APPLYING HEAT LOCALLY, e.g. FLAME CUTTING; WORKING BY LASER BEAM 
B23P	OTHER WORKING OF METAL; COMBINED OPERATIONS; UNIVERSAL MACHINE TOOLS 
B23Q	DETAILS, COMPONENTS, OR ACCESSORIES FOR MACHINE TOOLS, e.g. ARRANGEMENTS FOR COPYING OR CONTROLLING ; MACHINE TOOLS IN GENERAL CHARACTERISED BY THE CONSTRUCTION OF PARTICULAR DETAILS OR COMPONENTS; COMBINATIONS OR ASSOCIATIONS OF METAL-WORKING MACHINES, NO
B24B	MACHINES, DEVICES, OR PROCESSES FOR GRINDING OR POLISHING ; DRESSING OR CONDITIONING OF ABRADING SURFACES; FEEDING OF GRINDING, POLISHING, OR LAPPING AGENTS
B24C	ABRASIVE OR RELATED BLASTING WITH PARTICULATE MATERIAL
B24D	TOOLS FOR GRINDING, BUFFING, OR SHARPENING 
B25B	
B25C	HAND-HELD NAILING OR STAPLING TOOLS; MANUALLY OPERATED PORTABLE STAPLING TOOLS 
B25D	PERCUSSIVE TOOLS 
B25F	COMBINATION OR MULTI-PURPOSE TOOLS NOT OTHERWISE PROVIDED FOR; DETAILS OR COMPONENTS OF PORTABLE POWER-DRIVEN TOOLS NOT PARTICULARLY RELATED TO THE OPERATIONS PERFORMED AND NOT OTHERWISE PROVIDED FOR 
B25G	HANDLES FOR HAND IMPLEMENTS 
B25H	WORKSHOP EQUIPMENT, e.g. FOR MARKING-OUT WORK; STORAGE MEANS FOR WORKSHOPS 
B25J	MANIPULATORS; CHAMBERS PROVIDED WITH MANIPULATION DEVICES 
B26B	HAND-HELD CUTTING TOOLS NOT OTHERWISE PROVIDED FOR 
B26D	CUTTING; DETAILS COMMON TO MACHINES FOR PERFORATING, PUNCHING, CUTTING-OUT, STAMPING-OUT OR SEVERING 
B26F	PERFORATING; PUNCHING; CUTTING-OUT; STAMPING-OUT; SEVERING BY MEANS OTHER THAN CUTTING 
B27B	SAWS FOR WOOD OR SIMILAR MATERIAL; COMPONENTS OR ACCESSORIES THEREFOR 
B27C	PLANING, DRILLING, MILLING, TURNING OR UNIVERSAL MACHINES FOR WOOD OR SIMILAR MATERIAL 
B27D	WORKING VENEER OR PLYWOOD 
B27F	DOVETAILED WORK; TENONS; SLOTTING MACHINES FOR WOOD OR SIMILAR MATERIAL; NAILING OR STAPLING MACHINES 
B27G	ACCESSORY MACHINES OR APPARATUS; TOOLS; SAFETY DEVICES, e.g. THOSE FOR SAWS 
B27H	BENDING WOOD OR SIMILAR MATERIAL; COOPERAGE; MAKING WHEELS FROM WOOD OR SIMILAR MATERIAL
B27J	MECHANICAL WORKING OF CANE, CORK, OR SIMILAR MATERIALS
B27K	PROCESSES, APPARATUS OR SELECTION OF SUBSTANCES FOR IMPREGNATING, STAINING, DYEING, BLEACHING OF WOOD OR SIMILAR MATERIALS, OR TREATING OF WOOD OR SIMILAR MATERIALS WITH PERMEANT LIQUIDS, NOT OTHERWISE PROVIDED FOR ; CHEMICAL OR PHYSICAL TREATMENT OF CORK,
B27L	REMOVING BARK OR VESTIGES OF BRANCHES ; SPLITTING WOOD; MANUFACTURE OF VENEER, WOODEN STICKS, WOOD SHAVINGS, WOOD FIBRES OR WOOD POWDER
B27M	WORKING OF WOOD NOT PROVIDED FOR IN SUBCLASSES B27B - B27L; MANUFACTURE OF SPECIFIC WOODEN ARTICLES
B27N	MANUFACTURE BY DRY PROCESSES OF ARTICLES, WITH OR WITHOUT ORGANIC BINDING AGENTS, MADE FROM PARTICLES OR FIBRES CONSISTING OF WOOD OR OTHER LIGNOCELLULOSIC OR LIKE ORGANIC MATERIAL 
B28B	SHAPING CLAY OR OTHER CERAMIC COMPOSITIONS, SLAG, OR MIXTURES CONTAINING CEMENTITIOUS MATERIAL, e.g. PLASTER 
B28C	PREPARING CLAY; PRODUCING MIXTURES CONTAINING CLAY OR CEMENTITIOUS MATERIAL, e.g. PLASTER 
B28D	WORKING STONE OR STONE-LIKE MATERIALS
B29B	PREPARATION OR PRETREATMENT OF THE MATERIAL TO BE SHAPED; MAKING GRANULES OR PREFORMS; RECOVERY OF PLASTICS OR OTHER CONSTITUENTS OF WASTE MATERIAL CONTAINING PLASTICS
B29C	SHAPING OR JOINING OF PLASTICS; SHAPING OF MATERIAL IN A PLASTIC STATE, NOT OTHERWISE PROVIDED FOR; AFTER-TREATMENT OF THE SHAPED PRODUCTS, e.g. REPAIRING 
B29D	PRODUCING PARTICULAR ARTICLES FROM PLASTICS OR FROM SUBSTANCES IN A PLASTIC STATE 
B29K	INDEXING SCHEME ASSOCIATED WITH SUBCLASSES B29B, B29C OR B29D, RELATING TO MOULDING MATERIALS
B29L	INDEXING SCHEME ASSOCIATED WITH SUBCLASS B29C, RELATING TO PARTICULAR ARTICLES
B30B	PRESSES IN GENERAL 
B31B	MAKING CONTAINERS OF PAPER, CARDBOARD OR MATERIAL WORKED IN A MANNER ANALOGOUS TO PAPER 
B31C	MAKING WOUND ARTICLES, e.g. WOUND TUBES, OF PAPER, CARDBOARD OR MATERIAL WORKED IN A MANNER ANALOGOUS TO PAPER
B31D	MAKING ARTICLES OF PAPER, CARDBOARD OR MATERIAL WORKED IN A MANNER ANALOGOUS TO PAPER, NOT PROVIDED FOR IN SUBCLASSES B31B OR B31C 
B31F	MECHANICAL WORKING OR DEFORMATION OF PAPER, CARDBOARD OR MATERIAL WORKED IN A MANNER ANALOGOUS TO PAPER 
B32B	
B33Y	
B41B	MACHINES OR ACCESSORIES FOR MAKING, SETTING, OR DISTRIBUTING TYPE; TYPE; PHOTOGRAPHIC OR PHOTOELECTRIC COMPOSING DEVICES 
B41C	PROCESSES FOR THE MANUFACTURE OR REPRODUCTION OF PRINTING SURFACES 
B41D	APPARATUS FOR THE MECHANICAL REPRODUCTION OF PRINTING SURFACES FOR STEREOTYPE PRINTING; SHAPING ELASTIC OR DEFORMABLE MATERIAL TO FORM PRINTING SURFACES 
B41F	PRINTING MACHINES OR PRESSES ; B44D
B41G	AUXILIARY FOR PERFORATING IN CONJUNCTION WITH PRINTING 
B41J	TYPEWRITERS; SELECTIVE PRINTING MECHANISMS, ; e.g. INK-JET PRINTERS, THERMAL PRINTERS; CORRECTION OF TYPOGRAPHICAL ERRORS 
B41K	STAMPS; STAMPING OR NUMBERING APPARATUS OR DEVICES 
B41L	APPARATUS OR DEVICES FOR MANIFOLDING, DUPLICATING, OR PRINTING FOR OFFICE OR OTHER COMMERCIAL PURPOSES; ADDRESSING MACHINES OR LIKE SERIES-PRINTING MACHINES 
B41M	PRINTING, DUPLICATING, MARKING, OR COPYING PROCESSES; COLOUR PRINTING, 
B41N	PRINTING PLATES OR FOILS ; MATERIALS FOR SURFACES USED IN PRINTING MACHINES FOR PRINTING, INKING, DAMPING, OR THE LIKE; PREPARING SUCH SURFACES FOR USE AND CONSERVING THEM 
B41P	INDEXING SCHEME RELATING TO PRINTING, LINING MACHINES, TYPEWRITERS, AND TO STAMPS
B42B	PERMANENTLY ATTACHING TOGETHER SHEETS, QUIRES OR SIGNATURES OR PERMANENTLY ATTACHING OBJECTS THERETO 
B42C	BOOKBINDING 
B42D	BOOKS; BOOK COVERS; LOOSE LEAVES; PRINTED MATTER CHARACTERISED BY IDENTIFICATION OR SECURITY FEATURES; PRINTED MATTER OF SPECIAL FORMAT OR STYLE NOT OTHERWISE PROVIDED FOR; DEVICES FOR USE THEREWITH AND NOT OTHERWISE PROVIDED FOR; MOVABLE-STRIP WRITING OR 
B42F	SHEETS TEMPORARILY ATTACHED TOGETHER; FILING APPLIANCES; FILE CARDS; INDEXING 
B42P	INDEXING SCHEME RELATING TO BOOKS, FILING APPLIANCES OR THE LIKE
B43K	IMPLEMENTS FOR WRITING OR DRAWING 
B43L	ARTICLES FOR WRITING OR DRAWING UPON; ; WRITING OR DRAWING AIDS;;  ACCESSORIES FOR WRITING OR DRAWING 
B43M	BUREAU ACCESSORIES NOT OTHERWISE PROVIDED FOR 
B44B	MACHINES, APPARATUS OR TOOLS FOR ARTISTIC WORK, e.g. FOR SCULPTURING, GUILLOCHING, CARVING, BRANDING, INLAYING 
B44C	PRODUCING DECORATIVE EFFECTS ; MOSAICS; TARSIA WORK ; PAPERHANGING 
B44D	PAINTING OR ARTISTIC DRAWING, NOT OTHERWISE PROVIDED FOR; PRESERVING PAINTINGS; SURFACE TREATMENT TO OBTAIN SPECIAL ARTISTIC SURFACE EFFECTS OR FINISHES 
B44F	SPECIAL DESIGNS OR PICTURES
B60B	VEHICLE WHEELS ; CASTORS; AXLES FOR WHEELS OR CASTORS; INCREASING WHEEL ADHESION
B60C	VEHICLE TYRES ; TYRE INFLATION; TYRE CHANGING OR REPAIRING; REPAIRING, OR CONNECTING VALVES TO, INFLATABLE ELASTIC BODIES IN GENERAL; DEVICES OR ARRANGEMENTS RELATED TO TYRES 
B60D	VEHICLE CONNECTIONS 
B60F	VEHICLES FOR USE BOTH ON RAIL AND ON ROAD; AMPHIBIOUS OR LIKE VEHICLES; CONVERTIBLE VEHICLES 
B60G	VEHICLE SUSPENSION ARRANGEMENTS 
B60H	
B60J	WINDOWS, WINDSCREENS, NON-FIXED ROOFS, DOORS, OR SIMILAR DEVICES FOR VEHICLES; REMOVABLE EXTERNAL PROTECTIVE COVERINGS SPECIALLY ADAPTED FOR VEHICLES 
B60K	ARRANGEMENT OR MOUNTING OF PROPULSION UNITS OR OF TRANSMISSIONS IN VEHICLES; ARRANGEMENT OR MOUNTING OF PLURAL DIVERSE PRIME-MOVERS IN VEHICLES; AUXILIARY DRIVES FOR VEHICLES; INSTRUMENTATION OR DASHBOARDS FOR VEHICLES; ARRANGEMENTS IN CONNECTION WITH COOL
B60L	ELECTRIC EQUIPMENT OR PROPULSION OF ELECTRICALLY-PROPELLED VEHICLES; MAGNETIC SUSPENSION OR LEVITATION FOR VEHICLES; ELECTRODYNAMIC BRAKE SYSTEMS FOR VEHICLES, IN GENERAL 
B60M	POWER SUPPLY LINES, AND DEVICES ALONG RAILS, FOR ELECTRICALLY- PROPELLED VEHICLES 
B60N	
B60P	VEHICLES ADAPTED FOR LOAD TRANSPORTATION OR TO TRANSPORT, TO CARRY, OR TO COMPRISE SPECIAL LOADS OR OBJECTS 
B60Q	ARRANGEMENT OF SIGNALLING OR LIGHTING DEVICES, THE MOUNTING OR SUPPORTING THEREOF OR CIRCUITS THEREFOR, FOR VEHICLES IN GENERAL
B60R	VEHICLES, VEHICLE FITTINGS, OR VEHICLE PARTS, NOT OTHERWISE PROVIDED FOR
B60S	SERVICING, CLEANING, REPAIRING, SUPPORTING, LIFTING, OR MANOEUVRING OF VEHICLES, NOT OTHERWISE PROVIDED FOR
B60T	VEHICLE BRAKE CONTROL SYSTEMS OR PARTS THEREOF; BRAKE CONTROL SYSTEMS OR PARTS THEREOF, IN GENERAL ; ARRANGEMENT OF BRAKING ELEMENTS ON VEHICLES IN GENERAL; PORTABLE DEVICES FOR PREVENTING UNWANTED MOVEMENT OF VEHICLES; VEHICLE MODIFICATIONS TO FACILITATE 
B60V	AIR-CUSHION VEHICLES
B60W	CONJOINT CONTROL OF VEHICLE SUB-UNITS OF DIFFERENT TYPE OR DIFFERENT FUNCTION; CONTROL SYSTEMS SPECIALLY ADAPTED FOR HYBRID VEHICLES; ROAD VEHICLE DRIVE CONTROL SYSTEMS FOR PURPOSES NOT RELATED TO THE CONTROL OF A PARTICULAR SUB-UNIT
B60Y	INDEXING SCHEME RELATING TO ASPECTS CROSS-CUTTING VEHICLE TECHNOLOGY
B61B	RAILWAY SYSTEMS; EQUIPMENT THEREFOR NOT OTHERWISE PROVIDED FOR 
B61C	LOCOMOTIVES; MOTOR RAILCARS 
B61D	BODY DETAILS OR KINDS OF RAILWAY VEHICLES 
B61F	RAIL VEHICLE SUSPENSIONS, e.g. UNDERFRAMES, BOGIES OR ARRANGEMENTS OF WHEEL AXLES; RAIL VEHICLES FOR USE ON TRACKS OF DIFFERENT WIDTH; PREVENTING DERAILING OF RAIL VEHICLES; WHEEL GUARDS, OBSTRUCTION REMOVERS OR THE LIKE FOR RAIL VEHICLES 
B61G	COUPLINGS; DRAUGHT AND BUFFING APPLIANCES 
B61H	BRAKES OR OTHER RETARDING APPARATUS PECULIAR TO RAIL VEHICLES; ARRANGEMENTS OR DISPOSITIONS OF BRAKES OR OTHER RETARDING APPARATUS IN RAIL VEHICLES 
B61J	SHIFTING OR SHUNTING OF RAIL VEHICLES 
B61K	OTHER AUXILIARY EQUIPMENT FOR RAILWAYS 
B61L	GUIDING RAILWAY TRAFFIC; ENSURING THE SAFETY OF RAILWAY TRAFFIC 
B62B	HAND-PROPELLED VEHICLES, e.g. HAND CARTS, PERAMBULATORS; SLEDGES
B62C	VEHICLES DRAWN BY ANIMALS
B62D	MOTOR VEHICLES; TRAILERS 
B62H	CYCLE STANDS; SUPPORTS OR HOLDERS FOR PARKING OR STORING CYCLES; APPLIANCES PREVENTING OR INDICATING UNAUTHORIZED USE OR THEFT OF CYCLES; LOCKS INTEGRAL WITH CYCLES; DEVICES FOR LEARNING TO RIDE CYCLES
B62J	CYCLE SADDLES OR SEATS; ACCESSORIES PECULIAR TO CYCLES AND NOT OTHERWISE PROVIDED FOR, e.g. ARTICLE CARRIERS, CYCLE PROTECTORS
B62K	CYCLES; CYCLE FRAMES; CYCLE STEERING DEVICES; RIDER-OPERATED TERMINAL CONTROLS SPECIALLY ADAPTED FOR CYCLES; CYCLE AXLE SUSPENSIONS; CYCLE SIDE-CARS, FORECARS, OR THE LIKE
B62L	BRAKES SPECIALLY ADAPTED FOR CYCLES 
B62M	POWERED PROPULSION OF SLEDGES OR ; SINGLE-TRACK;  CYCLES; TRANSMISSIONS SPECIALLY ADAPTED FOR SUCH VEHICLES 
B63B	SHIPS OR OTHER WATERBORNE VESSELS; EQUIPMENT FOR SHIPPING 
B63C	LAUNCHING, HAULING-OUT, OR DRY-DOCKING OF VESSELS; LIFE-SAVING IN WATER; EQUIPMENT FOR DWELLING OR WORKING UNDER WATER; MEANS FOR SALVAGING OR SEARCHING FOR UNDERWATER OBJECTS 
B63G	OFFENSIVE OR DEFENSIVE ARRANGEMENTS ON VESSELS; MINE-LAYING; MINE-SWEEPING; SUBMARINES; AIRCRAFT CARRIERS 
B63H	MARINE PROPULSION OR STEERING 
B63J	AUXILIARIES ON VESSELS
B64B	LIGHTER-THAN AIR AIRCRAFT
B64C	AEROPLANES; HELICOPTERS 
B64D	EQUIPMENT FOR FITTING IN OR TO AIRCRAFT; FLYING SUITS; PARACHUTES; ARRANGEMENTS OR MOUNTING OF POWER PLANTS OR PROPULSION TRANSMISSIONS IN AIRCRAFT
B64F	GROUND OR AIRCRAFT-CARRIER-DECK INSTALLATIONS SPECIALLY ADAPTED FOR USE IN CONNECTION WITH AIRCRAFT; DESIGNING, MANUFACTURING, ASSEMBLING, CLEANING, MAINTAINING OR REPAIRING AIRCRAFT, NOT OTHERWISE PROVIDED FOR; HANDLING, TRANSPORTING, TESTING OR INSPECTIN
B64G	COSMONAUTICS; VEHICLES OR EQUIPMENT THEREFOR 
B65B	MACHINES, APPARATUS OR DEVICES FOR, OR METHODS OF, PACKAGING ARTICLES OR MATERIALS; UNPACKING 
B65C	LABELLING OR TAGGING MACHINES, APPARATUS, OR PROCESSES 
B65D	CONTAINERS FOR STORAGE OR TRANSPORT OF ARTICLES OR MATERIALS, e.g. BAGS, BARRELS, BOTTLES, BOXES, CANS, CARTONS, CRATES, DRUMS, JARS, TANKS, HOPPERS, FORWARDING CONTAINERS; ACCESSORIES, CLOSURES, OR FITTINGS THEREFOR; PACKAGING ELEMENTS; PACKAGES 
B65F	GATHERING OR REMOVAL OF DOMESTIC OR LIKE REFUSE 
B65G	TRANSPORT OR STORAGE DEVICES, e.g. CONVEYORS FOR LOADING OR TIPPING; SHOP CONVEYOR SYSTEMS; PNEUMATIC TUBE CONVEYORS 
B65H	HANDLING THIN OR FILAMENTARY MATERIAL, e.g. SHEETS, WEBS, CABLES
B66B	ELEVATORS; ESCALATORS OR MOVING WALKWAYS 
B66C	CRANES
B66D	CAPSTANS; WINCHES; TACKLES, e.g. PULLEY BLOCKS; HOISTS 
B66F	HOISTING, LIFTING, HAULING OR PUSHING, NOT OTHERWISE PROVIDED FOR, e.g. DEVICES WHICH APPLY A LIFTING OR PUSHING FORCE DIRECTLY TO THE SURFACE OF A LOAD 
B67B	APPLYING CLOSURE MEMBERS TO BOTTLES JARS, OR SIMILAR CONTAINERS; OPENING CLOSED CONTAINERS 
B67C	CLEANING, FILLING WITH LIQUIDS OR SEMILIQUIDS, OR EMPTYING, OF BOTTLES, JARS, CANS, CASKS, BARRELS, OR SIMILAR CONTAINERS, NOT OTHERWISE PROVIDED FOR; FUNNELS
B67D	DISPENSING, DELIVERING OR TRANSFERRING LIQUIDS, NOT OTHERWISE PROVIDED FOR 
B68B	HARNESS; DEVICES USED IN CONNECTION THEREWITH; WHIPS OR THE LIKE
B68C	SADDLES; STIRRUPS
B68F	MAKING ARTICLES FROM LEATHER, CANVAS, OR THE LIKE
B68G	METHODS, EQUIPMENT, OR MACHINES FOR USE IN UPHOLSTERING; UPHOLSTERY NOT OTHERWISE PROVIDED FOR
B81B	MICROSTRUCTURAL DEVICES OR SYSTEMS, e.g. MICROMECHANICAL DEVICES 
B81C	PROCESSES OR APPARATUS SPECIALLY ADAPTED FOR THE MANUFACTURE OR TREATMENT OF MICROSTRUCTURAL DEVICES OR SYSTEMS 
B82B	NANOSTRUCTURES FORMED BY MANIPULATION OF INDIVIDUAL ATOMS, MOLECULES, OR LIMITED COLLECTIONS OF ATOMS OR MOLECULES AS DISCRETE UNITS; MANUFACTURE OR TREATMENT THEREOF
B82Y	SPECIFIC USES OR APPLICATIONS OF NANOSTRUCTURES; MEASUREMENT OR ANALYSIS OF NANOSTRUCTURES; MANUFACTURE OR TREATMENT OF NANOSTRUCTURES
C01B	NON-METALLIC ELEMENTS; COMPOUNDS THEREOF; ; METALLOIDS OR COMPOUNDS THEREOF NOT COVERED BY SUBCLASS C01C
C01C	AMMONIA; CYANOGEN; COMPOUNDS THEREOF 
C01D	COMPOUNDS OF ALKALI METALS, i.e. LITHIUM, SODIUM, POTASSIUM, RUBIDIUM, CAESIUM, OR FRANCIUM 
C01F	COMPOUNDS OF THE METALS BERYLLIUM, MAGNESIUM, ALUMINIUM, CALCIUM, STRONTIUM, BARIUM, RADIUM, THORIUM, OR OF THE RARE-EARTH METALS ; C01B21/0923
C01G	COMPOUNDS CONTAINING METALS NOT COVERED BY SUBCLASSES C01D OR C01F 
C01P	INDEXING SCHEME RELATING TO STRUCTURAL AND PHYSICAL ASPECTS OF SOLID INORGANIC COMPOUNDS
C02F	TREATMENT OF WATER, WASTE WATER, SEWAGE, OR SLUDGE 
C03B	MANUFACTURE, SHAPING, OR SUPPLEMENTARY PROCESSES
C03C	CHEMICAL COMPOSITION OF GLASSES, GLAZES, OR VITREOUS ENAMELS; SURFACE TREATMENT OF GLASS; SURFACE TREATMENT OF FIBRES OR FILAMENTS FROM GLASS, MINERALS OR SLAGS; JOINING GLASS TO GLASS OR OTHER MATERIALS
C04B	LIME, MAGNESIA; SLAG; CEMENTS; COMPOSITIONS THEREOF, e.g. MORTARS, CONCRETE OR LIKE BUILDING MATERIALS; ARTIFICIAL STONE ; CERAMICS ; REFRACTORIES; TREATMENT OF NATURAL STONE
C05B	PHOSPHATIC FERTILISERS
C05C	NITROGENOUS FERTILISERS
C05D	INORGANIC FERTILISERS NOT COVERED BY SUBCLASSES C05B, C05C; FERTILISERS PRODUCING CARBON DIOXIDE
C05F	ORGANIC FERTILISERS NOT COVERED BY SUBCLASSES C05B, C05C, e.g. FERTILISERS FROM WASTE OR REFUSE 
C05G	MIXTURES OF FERTILISERS COVERED INDIVIDUALLY BY DIFFERENT SUBCLASSES OF CLASS C05; MIXTURES OF ONE OR MORE FERTILISERS WITH MATERIALS NOT HAVING A SPECIFIC FERTILISING ACTIVITY, e.g. PESTICIDES, SOIL-CONDITIONERS, WETTING AGENTS ; FERTILISERS CHARACTERISED
C06B	EXPLOSIVES OR THERMIC COMPOSITIONS ; MANUFACTURE THEREOF; USE OF SINGLE SUBSTANCES AS EXPLOSIVES 
C06C	DETONATING OR PRIMING DEVICES; FUSES ; CHEMICAL LIGHTERS; PYROPHORIC COMPOSITIONS
C06D	MEANS FOR GENERATING SMOKE OR MIST; GAS-ATTACK COMPOSITIONS; GENERATION OF GAS FOR BLASTING OR PROPULSION (CHEMICAL PART) 
C06F	MATCHES; MANUFACTURE OF MATCHES
C07B	GENERAL METHODS OF ORGANIC CHEMISTRY; APPARATUS THEREFOR 
C07C	ACYCLIC OR CARBOCYCLIC COMPOUNDS
C07D	HETEROCYCLIC COMPOUNDS
C07F	ACYCLIC, CARBOCYCLIC OR HETEROCYCLIC COMPOUNDS CONTAINING ELEMENTS OTHER THAN CARBON, HYDROGEN, HALOGEN, OXYGEN, NITROGEN, SULFUR, SELENIUM OR TELLURIUM 
C07G	COMPOUNDS OF UNKNOWN CONSTITUTION
C07H	SUGARS; DERIVATIVES THEREOF; NUCLEOSIDES; NUCLEOTIDES; NUCLEIC ACIDS 
C07J	STEROIDS 
C07K	PEPTIDES 
C08B	POLYSACCHARIDES; DERIVATIVES THEREOF 
C08C	TREATMENT OR CHEMICAL MODIFICATION OF RUBBERS
C08F	MACROMOLECULAR COMPOUNDS OBTAINED BY REACTIONS ONLY INVOLVING CARBON-TO-CARBON UNSATURATED BONDS
C08G	MACROMOLECULAR COMPOUNDS OBTAINED OTHERWISE THAN BY REACTIONS ONLY INVOLVING UNSATURATED CARBON-TO-CARBON BONDS
C08H	DERIVATIVES OF NATURAL MACROMOLECULAR COMPOUNDS 
C08J	WORKING-UP; GENERAL PROCESSES OF COMPOUNDING; AFTER-TREATMENT NOT COVERED BY SUBCLASSES C08B, C08C, C08F, C08G 
C08K	USE OF INORGANIC OR NON-MACROMOLECULAR ORGANIC SUBSTANCES AS COMPOUNDING INGREDIENTS 
C08L	COMPOSITIONS OF MACROMOLECULAR COMPOUNDS 
C09B	ORGANIC DYES OR CLOSELY-RELATED COMPOUNDS FOR PRODUCING DYES ; , e.g. PIGMENTS; MORDANTS; LAKES 
C09C	TREATMENT OF INORGANIC MATERIALS, OTHER THAN FIBROUS FILLERS, TO ENHANCE THEIR PIGMENTING OR FILLING PROPERTIES ; PREPARATION OF CARBON BLACK; ; PREPARATION OF INORGANIC MATERIALS WHICH ARE NO SINGLE CHEMICAL COMPOUNDS AND WHICH ARE MAINLY USED AS PIGMENTS
C09D	COATING COMPOSITIONS, e.g. PAINTS, VARNISHES OR LACQUERS; FILLING PASTES; CHEMICAL PAINT OR INK REMOVERS; INKS; CORRECTING FLUIDS; WOODSTAINS; PASTES OR SOLIDS FOR COLOURING OR PRINTING; USE OF MATERIALS THEREFOR ; C08H1/06
C09F	NATURAL RESINS; FRENCH POLISH; DRYING-OILS; DRIERS (SICCATIVES); TURPENTINE
C09G	POLISHING COMPOSITIONS OTHER THAN FRENCH POLISH; SKI WAXES
C09H	PREPARATION OF GLUE OR GELATINE
C09J	ADHESIVES; NON-MECHANICAL ASPECTS OF ADHESIVE PROCESSES IN GENERAL; ADHESIVE PROCESSES NOT PROVIDED FOR ELSEWHERE; USE OF MATERIALS AS ADHESIVES 
C09K	MATERIALS FOR MISCELLANEOUS APPLICATIONS, NOT PROVIDED FOR ELSEWHERE
C10B	DESTRUCTIVE DISTILLATION OF CARBONAGEOUS MATERIALS FOR PRODUCTION OF GAS, COKE, TAR, OR SIMILAR MATERIALS 
C10C	WORKING-UP PITCH, ASPHALT, BITUMEN, TAR; PYROLIGNEOUS ACID 
C10F	DRYING OR WORKING-UP OF PEAT
C10G	CRACKING HYDROCARBON OILS; PRODUCTION OF LIQUID HYDROCARBON MIXTURES, e.g. BY DESTRUCTIVE HYDROGENATION, OLIGOMERISATION, POLYMERISATION ; RECOVERY OF HYDROCARBON OILS FROM OIL-SHALE, OIL-SAND, OR GASES; REFINING MIXTURES MAINLY CONSISTING OF HYDROCARBONS;
C10H	PRODUCTION OF ACETYLENE BY WET METHODS 
C10J	PRODUCTION OF PRODUCER GAS, WATER-GAS, SYNTHESIS GAS FROM SOLID CARBONACEOUS MATERIAL, OR MIXTURES CONTAINING THESE GASES ; CARBURETTING AIR OR OTHER GASES
C10K	PURIFYING OR MODIFYING THE CHEMICAL COMPOSITION OF COMBUSTIBLE GASES CONTAINING CARBON MONOXIDE
C10L	FUELS NOT OTHERWISE PROVIDED FOR ; NATURAL GAS; SYNTHETIC NATURAL GAS OBTAINED BY PROCESSES NOT COVERED BY SUBCLASSES C10G, C10K; LIQUEFIED PETROLEUM GAS; ADDING MATERIALS TO FUELS OR FIRES TO REDUCE SMOKE OR UNDESIRABLE DEPOSITS OR TO FACILITATE SOOT REMO
C10M	LUBRICATING COMPOSITIONS ; USE OF CHEMICAL SUBSTANCES EITHER ALONE OR AS LUBRICATING INGREDIENTS IN A LUBRICATING COMPOSITION 
C10N	INDEXING SCHEME ASSOCIATED WITH SUBCLASS C10M RELATING TO LUBRICATING COMPOSITIONS
C11B	PRODUCING (PRESSING, EXTRACTION), REFINING AND PRESERVING FATS, FATTY SUBSTANCES (e.g. LANOLIN), FATTY OILS AND WAXES, INCLUDING EXTRACTION FROM WASTE MATERIALS; ESSENTIAL OILS; PERFUMES 
C11C	FATTY ACIDS FROM FATS, OILS OR WAXES; CANDLES; FATS, OILS OR FATTY ACIDS BY CHEMICAL MODIFICATION OF FATS, OILS, OR FATTY ACIDS OBTAINED THEREFROM
C11D	DETERGENT COMPOSITIONS ; USE OF SINGLE SUBSTANCES AS DETERGENTS; SOAP OR SOAP-MAKING; RESIN SOAPS; RECOVERY OF GLYCEROL
C12C	BREWING OF BEER 
C12F	DISTILLATION OR RECTIFICATION OF FERMENTED SOLUTIONS; RECOVERY OF BY-PRODUCTS; DENATURING OF, OR DENATURED, ALCOHOL
C12G	WINE; OTHER ALCOHOLIC BEVERAGES; PREPARATION THEREOF 
C12H	PASTEURISATION; STERILISATION; PRESERVATION; PURIFICATION; CLARIFICATION; AGEING
C12J	VINEGAR; ITS PREPARATION
C12L	PITCHING OR DEPITCHING MACHINES; CELLAR TOOLS 
C12M	APPARATUS FOR ENZYMOLOGY OR MICROBIOLOGY; APPARATUS FOR CULTURING MICROORGANISMS FOR PRODUCING BIOMASS, FOR GROWING CELLS OR FOR OBTAINING FERMENTATION OR METABOLIC PRODUCTS, i.e. BIOREACTORS OR FERMENTERS
C12N	MICROORGANISMS OR ENZYMES; COMPOSITIONS THEREOF ; PROPAGATING, PRESERVING OR MAINTAINING MICROORGANISMS ; CULTURE MEDIA 
C12P	FERMENTATION OR ENZYME-USING PROCESSES TO SYNTHESISE A DESIRED CHEMICAL COMPOUND OR COMPOSITION OR TO SEPARATE OPTICAL ISOMERS FROM A RACEMIC MIXTURE 
C12Q	MEASURING OR TESTING PROCESSES INVOLVING ENZYMES OR MICROORGANISMS ; COMPOSITIONS OR TEST PAPERS THEREFOR; PROCESSES OF PREPARING SUCH COMPOSITIONS; CONDITION RESPONSIVE CONTROL IN MICROBIOLOGICAL OR ENZYMOLOGICAL PROCESSES
C12R	PROCESSES USING MICROORGANISMS
C12Y	ENZYMES
C13B	PRODUCTION OF SUCROSE; APPARATUS SPECIALLY ADAPTED THEREFOR 
C13K	SACCHARIDES, OTHER THAN SUCROSE, OBTAINED FROM NATURAL SOURCES OR BY HYDROLYSIS OF NATURALLY OCCURRING DI-, OLIGO- OR POLYSACCHARIDES 
C14B	MECHANICAL TREATMENT OR PROCESSING OF SKINS, HIDES OR LEATHER IN GENERAL; PELT-SHEARING MACHINES; INTESTINE-SPLITTING MACHINES 
C14C	CHEMICAL TREATMENT OF HIDES, SKINS OR LEATHER, e.g. TANNING, IMPREGNATING, FINISHING; APPARATUS THEREFOR; COMPOSITIONS FOR TANNING 
C21B	MANUFACTURE OF IRON OR STEEL 
C21C	PROCESSING OF PIG-IRON, e.g. REFINING, MANUFACTURE OF WROUGHT-IRON OR STEEL; TREATMENT IN MOLTEN STATE OF FERROUS ALLOYS 
C21D	MODIFYING THE PHYSICAL STRUCTURE OF FERROUS METALS; GENERAL DEVICES FOR HEAT TREATMENT OF FERROUS OR NON-FERROUS METALS OR ALLOYS; MAKING METAL MALLEABLE BY DECARBURISATION, TEMPERING OR OTHER TREATMENTS 
C22B	PRODUCTION AND REFINING OF METALS ; PRETREATMENT OF RAW MATERIALS
C22C	ALLOYS 
C22F	CHANGING THE PHYSICAL STRUCTURE OF NON-FERROUS METALS AND NON-FERROUS ALLOYS 
C23C	COATING METALLIC MATERIAL; COATING MATERIAL WITH METALLIC MATERIAL; SURFACE TREATMENT OF METALLIC MATERIAL BY DIFFUSION INTO THE SURFACE, BY CHEMICAL CONVERSION OR SUBSTITUTION; COATING BY VACUUM EVAPORATION, BY SPUTTERING, BY ION IMPLANTATION OR BY CHEMIC
C23D	ENAMELLING OF, OR APPLYING A VITREOUS LAYER TO, METALS 
C23F	NON-MECHANICAL REMOVAL OF METALLIC MATERIAL FROM SURFACE ; INHIBITING CORROSION OF METALLIC MATERIAL OR INCRUSTATION IN GENERAL; MULTI-STEP PROCESSES FOR SURFACE TREATMENT OF METALLIC MATERIAL INVOLVING AT LEAST ONE PROCESS PROVIDED FOR IN CLASS C23 AND AT
C23G	CLEANING OR DEGREASING OF METALLIC MATERIAL BY CHEMICAL METHODS OTHER THAN ELECTROLYSIS 
C25B	ELECTROLYTIC OR ELECTROPHORETIC PROCESSES FOR THE PRODUCTION OF COMPOUNDS OR NON-METALS; APPARATUS THEREFOR 
C25C	PROCESSES FOR THE ELECTROLYTIC PRODUCTION, RECOVERY OR REFINING OF METALS; APPARATUS THEREFOR
C25D	PROCESSES FOR THE ELECTROLYTIC OR ELECTROPHORETIC PRODUCTION OF COATINGS; ELECTROFORMING ; APPARATUS THEREFOR
C25F	PROCESSES FOR THE ELECTROLYTIC REMOVAL OF MATERIALS FROM OBJECTS; APPARATUS THEREFOR
C30B	SINGLE-CRYSTAL-GROWTH ; UNIDIRECTIONAL SOLIDIFICATION OF EUTECTIC MATERIAL OR UNIDIRECTIONAL DEMIXING OF EUTECTOID MATERIAL; REFINING BY ZONE-MELTING OF MATERIAL ; PRODUCTION OF A HOMOGENEOUS POLYCRYSTALLINE MATERIAL WITH DEFINED STRUCTURE ; SINGLE CRYSTAL
C40B	COMBINATORIAL CHEMISTRY; LIBRARIES, e.g. CHEMICAL LIBRARIES, IN SILICO LIBRARIES
D01B	MECHANICAL TREATMENT OF NATURAL FIBROUS OR FILAMENTARY MATERIAL TO OBTAIN FIBRES OF FILAMENTS, e.g. FOR SPINNING 
D01C	CHEMICAL TREATMENT OF NATURAL FILAMENTARY OR FIBROUS MATERIAL TO OBTAIN FILAMENTS OR FIBRES FOR SPINNING; CARBONISING RAGS TO RECOVER ANIMAL FIBRES
D01D	MECHANICAL METHODS OR APPARATUS IN THE MANUFACTURE OF ARTIFICIAL FILAMENTS, THREADS, FIBRES, BRISTLES OR RIBBONS
D01F	CHEMICAL FEATURES IN THE MANUFACTURE OF ARTIFICIAL FILAMENTS, THREADS, FIBRES, BRISTLES OR RIBBONS; APPARATUS SPECIALLY ADAPTED FOR THE MANUFACTURE OF CARBON FILAMENTS
D01G	PRELIMINARY TREATMENT OF FIBRES, e.g. FOR SPINNING 
D01H	SPINNING OR TWISTING 
D02G	CRIMPING OR CURLING FIBRES, FILAMENTS, THREADS, OR YARNS; YARNS OR THREADS
D02H	WARPING, BEAMING OR LEASING
D02J	FINISHING OR DRESSING OF FILAMENTS, YARNS, THREADS, CORDS, ROPES OR THE LIKE 
D03C	SHEDDING MECHANISMS; PATTERN CARDS OR CHAINS; PUNCHING OF CARDS; DESIGNING PATTERNS
D03D	WOVEN FABRICS; METHODS OF WEAVING; LOOMS
D03J	AUXILIARY WEAVING APPARATUS; SHUTTLES
D04B	KNITTING
D04C	BRAIDING OR MANUFACTURE OF LACE, INCLUDING BOBBIN-NET OR CARBONISED LACE; BRAIDING MACHINES; BRAID; LACE 
D04D	TRIMMINGS; RIBBONS, TAPES OR BANDS, NOT OTHERWISE PROVIDED FOR 
D04G	MAKING NETS BY KNOTTING OF FILAMENTARY MATERIAL; MAKING KNOTTED CARPETS OR TAPESTRIES; KNOTTING NOT OTHERWISE PROVIDED FOR 
D04H	MAKING TEXTILE FABRICS, e.g. FROM FIBRES OR FILAMENTARY MATERIAL ; e.g. D05C15/04; FABRICS MADE BY SUCH PROCESSES OR APPARATUS, e.g. FELTS, NON-WOVEN FABRICS; COTTON-WOOL; WADDING ; NON-WOVEN FABRICS FROM STAPLE FIBRES, FILAMENTS OR YARNS, BONDED WITH AT L
D05B	SEWING 
D05C	EMBROIDERING; TUFTING 
D05D	INDEXING SCHEME ASSOCIATED WITH SUBCLASSES D05B AND D05C, RELATING TO SEWING, EMBROIDERING AND TUFTING
D06B	TREATING TEXTILE MATERIALS BY LIQUIDS, GASES OR VAPOURS 
D06C	FINISHING, DRESSING, TENTERING OR STRETCHING TEXTILE FABRICS 
D06F	LAUNDERING, DRYING, IRONING, PRESSING OR FOLDING TEXTILE ARTICLES 
D06G	MECHANICAL OR PRESSURE CLEANING OF CARPETS, RUGS, SACKS, HIDES OR OTHER SKIN OR TEXTILE ARTICLES OR FABRICS; TURNING INSIDE-OUT FLEXIBLE TUBULAR OR OTHER HOLLOW ARTICLES 
D06H	MARKING, INSPECTING, SEAMING OR SEVERING TEXTILE MATERIALS 
D06J	PLEATING, KILTING, OR GOFFERING TEXTILE FABRICS OR WEARING APPAREL 
D06L	DRY-CLEANING, WASHING OR BLEACHING FIBRES, FILAMENTS, THREADS, YARNS, FABRICS, FEATHERS OR MADE-UP FIBROUS GOODS; BLEACHING LEATHER OR FURS
D06M	TREATMENT, NOT PROVIDED FOR ELSEWHERE IN CLASS D06, OF FIBRES, THREADS, YARNS, FABRICS, FEATHERS, OR FIBROUS GOODS MADE FROM SUCH MATERIALS 
D06N	WALL, FLOOR OR LIKE COVERING MATERIALS, e.g. LINOLEUM, OILCLOTH, ARTIFICIAL LEATHER, ROOFING FELT, CONSISTING OF A FIBROUS WEB COATED WITH A LAYER OF MACROMOLECULAR MATERIAL; FLEXIBLE SHEET MATERIAL NOT OTHERWISE PROVIDED FOR 
D06P	DYEING OR PRINTING TEXTILES; DYEING LEATHER, FURS, OR SOLID MACROMOLECULAR SUBSTANCES IN ANY FORM 
D06Q	DECORATING TEXTILES 
D07B	ROPES OR CABLES IN GENERAL 
D10B	INDEXING SCHEME ASSOCIATED WITH SUBLASSES OF SECTION D, RELATING TO TEXTILES
D21B	FIBROUS RAW MATERIALS OR THEIR MECHANICAL TREATMENT
D21C	PRODUCTION OF CELLULOSE BY REMOVING NON-CELLULOSE SUBSTANCES FROM CELLULOSE-CONTAINING MATERIALS; REGENERATION OF PULPING LIQUORS; APPARATUS THEREFOR
D21D	TREATMENT OF THE MATERIALS BEFORE PASSING TO THE PAPER-MAKING MACHINE
D21F	PAPER-MAKING MACHINES; METHODS OF PRODUCING PAPER THEREON
D21G	CALENDERS; ACCESSORIES FOR PAPER-MAKING MACHINES 
D21H	PULP COMPOSITIONS; PREPARATION THEREOF NOT COVERED BY SUBCLASSES D21C OR D21D; IMPREGNATING OR COATING OF PAPER; TREATMENT OF FINISHED PAPER NOT COVERED BY CLASS B31 OR SUBCLASS D21G; PAPER NOT OTHERWISE PROVIDED FOR
D21J	FIBREBOARD; MANUFACTURE OF ARTICLES FROM CELLULOSIC FIBROUS SUSPENSIONS OR FROM PAPIER-MACHE 
E01B	PERMANENT WAY; PERMANENT-WAY TOOLS; MACHINES FOR MAKING RAILWAYS OF ALL KINDS 
E01C	CONSTRUCTION OF, OR SURFACES FOR, ROADS, SPORTS GROUNDS, OR THE LIKE; MACHINES OR AUXILIARY TOOLS FOR CONSTRUCTION OR REPAIR 
E01D	CONSTRUCTION OF BRIDGES, ; ELEVATED ROADWAYS;  OR VIADUCTS; ASSEMBLY OF BRIDGES 
E01F	ADDITIONAL WORK, SUCH AS EQUIPPING ROADS OR THE CONSTRUCTION OF PLATFORMS, HELICOPTER LANDING STAGES, SIGNS, SNOW FENCES, OR THE LIKE
E01H	STREET CLEANING; CLEANING OF PERMANENT WAYS; CLEANING BEACHES; DISPERSING ; OR PREVENTING;  FOG IN GENERAL ; CLEANING STREET OR RAILWAY FURNITURE OR TUNNEL WALLS
E02B	
E02C	SHIP-LIFTING DEVICES OR MECHANISMS
E02D	FOUNDATIONS; EXCAVATIONS; EMBANKMENTS ; UNDERGROUND OR UNDERWATER STRUCTURES 
E02F	DREDGING; SOIL-SHIFTING 
E03B	INSTALLATIONS OR METHODS FOR OBTAINING, COLLECTING, OR DISTRIBUTING WATER 
E03C	DOMESTIC PLUMBING INSTALLATIONS FOR FRESH WATER OR WASTE WATER ; SINKS
E03D	WATER-CLOSETS OR URINALS WITH FLUSHING DEVICES; FLUSHING VALVES THEREFOR
E03F	SEWERS; CESSPOOLS
E04B	GENERAL BUILDING CONSTRUCTIONS; WALLS, e.g. PARTITIONS; ROOFS; FLOORS; CEILINGS; INSULATION OR OTHER PROTECTION OF BUILDINGS 
E04C	STRUCTURAL ELEMENTS; BUILDING MATERIALS 
E04D	ROOF COVERINGS; SKY-LIGHTS; GUTTERS; ROOF-WORKING TOOLS 
E04F	FINISHING WORK ON BUILDINGS, e.g. STAIRS, FLOORS 
E04G	SCAFFOLDING; FORMS; SHUTTERING; BUILDING IMPLEMENTS OR OTHER BUILDING AIDS, OR THEIR USE; HANDLING BUILDING MATERIALS ON THE SITE; REPAIRING, BREAKING-UP OR OTHER WORK ON EXISTING BUILDINGS
E04H	BUILDINGS OR LIKE STRUCTURES FOR PARTICULAR PURPOSES; SWIMMING OR SPLASH BATHS OR POOLS; MASTS; FENCING; TENTS OR CANOPIES, IN GENERAL 
E05B	LOCKS; ACCESSORIES THEREFOR; HANDCUFFS
E05C	BOLTS OR FASTENING DEVICES FOR WINGS, SPECIALLY FOR DOORS OR WINDOWS ; B62D33/02
E05D	HINGES OR OTHER SUSPENSION DEVICES FOR DOORS, WINDOWS OR WINGS 
E05F	DEVICES FOR MOVING WINGS INTO OPEN OR CLOSED POSITION; CHECKS FOR WINGS; WING FITTINGS NOT OTHERWISE PROVIDED FOR, CONCERNED WITH THE FUNCTIONING OF THE WING
E05G	SAFES OR STRONG-ROOMS FOR VALUABLES; BANK PROTECTION DEVICES; SAFETY TRANSACTION PARTITIONS 
E05Y	INDEXING SCHEME RELATING TO HINGES OR OTHER SUSPENSION DEVICES FOR DOORS, WINDOWS OR WINGS AND DEVICES FOR MOVING WINGS INTO OPEN OR CLOSED POSITION, CHECKS FOR WINGS AND WING FITTINGS NOT OTHERWISE PROVIDED FOR, CONCERNED WITH THE FUNCTIONING OF THE WING
E06B	FIXED OR MOVABLE CLOSURES FOR OPENINGS IN BUILDINGS, VEHICLES, FENCES OR LIKE ENCLOSURES IN GENERAL, e.g. DOORS, WINDOWS, BLINDS, GATES 
E06C	LADDERS 
E21B	EARTH DRILLING, e.g. DEEP DRILLING ; OBTAINING OIL, GAS, WATER, SOLUBLE OR MELTABLE MATERIALS OR A SLURRY OF MINERALS FROM WELLS
E21C	MINING OR QUARRYING
E21D	SHAFTS; TUNNELS; GALLERIES; LARGE UNDERGROUND CHAMBERS 
E21F	SAFETY DEVICES, TRANSPORT, FILLING-UP, RESCUE, VENTILATION, OR DRAINING IN OR OF MINES OR TUNNELS
F01B	
F01C	
F01D	
F01K	STEAM ACCUMULATORS
F01L	
F01M	CRANKCASE VENTILATING
F01N	
F01P	
F02B	
F02C	GAS-TURBINE PLANTS; AIR INTAKES FOR JET-PROPULSION PLANTS; CONTROLLING FUEL SUPPLY IN AIR-BREATHING JET-PROPULSION PLANTS 
F02D	
F02F	
F02G	NOT OTHERWISE PROVIDED FOR
F02K	JET-PROPULSION PLANTS 
F02M	
F02N	
F02P	
F02W	INDEXING SCHEME RELATING TO TURBINES; GAS TURBINES
F03B	
F03C	
F03D	WIND MOTORS
F03G	
F03H	PRODUCING A REACTIVE PROPULSIVE THRUST, NOT OTHERWISE PROVIDED FOR 
F04B	POSITIVE DISPLACEMENT MACHINES FOR LIQUIDS; PUMPS 
F04C	ROTARY-PISTON, OR OSCILLATING-PISTON, POSITIVE-DISPLACEMENT MACHINES FOR LIQUIDS ; ROTARY-PISTON, OR OSCILLATING-PISTON, POSITIVE-DISPLACEMENT PUMPS
F04D	NON-POSITIVE DISPLACEMENT PUMPS
F04F	PUMPING OF FLUID BY DIRECT CONTACT OF ANOTHER FLUID OR BY USING INERTIA OF FLUID TO BE PUMPED ; SIPHONS 
F05B	
F05C	
F05D	
F15B	SYSTEMS ACTING BY MEANS OF FLUIDS IN GENERAL; FLUID-PRESSURE ACTUATORS, e.g. SERVO-MOTORS; DETAILS OF FLUID-PRESSURE SYSTEMS, NOT OTHERWISE PROVIDED FOR 
F15C	FLUID-CIRCUIT ELEMENTS PREDOMINANTLY USED FOR COMPUTING OR CONTROL PURPOSES ; F15B21/00
F15D	FLUID DYNAMICS, i.e. METHODS OR MEANS FOR INFLUENCING THE FLOW OF GASES OR LIQUIDS 
F16B	
F16C	SHAFTS; FLEXIBLE SHAFTS; ELEMENTS OR CRANKSHAFT MECHANISMS; ROTARY BODIES OTHER THAN GEARING ELEMENTS; BEARINGS
F16D	COUPLINGS FOR TRANSMITTING ROTATION; CLUTCHES; BRAKES
F16F	SPRINGS; SHOCK-ABSORBERS; MEANS FOR DAMPING VIBRATION
F16G	BELTS, CABLES, OR ROPES, PREDOMINANTLY USED FOR DRIVING PURPOSES; CHAINS; FITTINGS PREDOMINANTLY USED THEREFOR
F16H	GEARING
F16J	PISTONS ; CYLINDERS; SEALINGS
F16K	VALVES; TAPS; COCKS; ACTUATING-FLOATS; DEVICES FOR VENTING OR AERATING 
F16L	PIPES; JOINTS OR FITTINGS FOR PIPES; SUPPORTS FOR PIPES, CABLES OR PROTECTIVE TUBING; MEANS FOR THERMAL INSULATION IN GENERAL
F16M	STANDS OR SUPPORTS
F16N	LUBRICATING
F16P	SAFETY DEVICES IN GENERAL; ; SAFETY DEVICES FOR PRESSES
F16S	CONSTRUCTIONAL ELEMENTS IN GENERAL; STRUCTURES BUILT-UP FROM SUCH ELEMENTS, IN GENERAL
F16T	STEAM TRAPS OR LIKE APPARATUS FOR DRAINING-OFF LIQUIDS FROM ENCLOSURES PREDOMINANTLY CONTAINING GASES OR VAPOURS
F17B	GAS-HOLDERS OF VARIABLE CAPACITY 
F17C	VESSELS FOR CONTAINING OR STORING COMPRESSED, LIQUEFIED OR SOLIDIFIED GASES; FIXED-CAPACITY GAS-HOLDERS; FILLING VESSELS WITH, OR DISCHARGING FROM VESSELS, COMPRESSED, LIQUEFIED, OR SOLIDIFIED GASES 
F17D	PIPE-LINE SYSTEMS; PIPE-LINES 
F21H	INCANDESCENT MANTLES; OTHER INCANDESCENT BODIES HEATED BY COMBUSTION
F21K	LIGHT SOURCES NOT OTHERWISE PROVIDED FOR
F21L	LIGHTING DEVICES OR SYSTEMS THEREOF, BEING PORTABLE OR SPECIALLY ADAPTED FOR TRANSPORTATION
F21S	NON-PORTABLE LIGHTING DEVICES; SYSTEMS THEREOF
F21V	FUNCTIONAL FEATURES OR DETAILS OF LIGHTING DEVICES OR SYSTEMS THEREOF; STRUCTURAL COMBINATIONS OF LIGHTING DEVICES WITH OTHER ARTICLES, NOT OTHERWISE PROVIDED FOR
F21W	
F21Y	
F22B	METHODS OF STEAM GENERATION; STEAM BOILERS 
F22D	PREHEATING, OR ACCUMULATING PREHEATED, FEED-WATER; FEED-WATER SUPPLY; CONTROLLING WATER LEVEL; AUXILIARY DEVICES FOR PROMOTING WATER CIRCULATION WITHIN BOILERS 
F22G	SUPERHEATING OF STEAM 
F23B	METHODS OR APPARATUS FOR COMBUSTION USING ONLY SOLID FUEL 
F23C	COMBUSTION APPARATUS USING FLUENT FUEL 
F23D	BURNERS 
F23G	CREMATION FURNACES; CONSUMING WASTE PRODUCTS BY COMBUSTION
F23H	GRATES ; CLEANING OR RAKING GRATES
F23J	REMOVAL OR TREATMENT OF COMBUSTION PRODUCTS OR COMBUSTION RESIDUES ; FLUES 
F23K	FEEDING FUEL TO COMBUSTION APPARATUS 
F23L	AIR SUPPLY; DRAUGHT-INDUCING; SUPPLYING NON-COMBUSTIBLE LIQUID OR GAS 
F23M	CASINGS, LININGS, WALLS OR DOORS SPECIALLY ADAPTED FOR COMBUSTION CHAMBERS, e.g. FIREBRIDGES; DEVICES FOR DEFLECTING AIR, FLAMES OR COMBUSTION PRODUCTS IN COMBUSTION CHAMBERS; SAFETY ARRANGEMENTS SPECIALLY ADAPTED FOR COMBUSTION APPARATUS; DETAILS OF COMBU
F23N	REGULATING OR CONTROLLING COMBUSTION 
F23Q	IGNITION ; EXTINGUISHING-DEVICES
F23R	GENERATING COMBUSTION PRODUCTS OF HIGH PRESSURE OR HIGH VELOCITY, e.g. GAS-TURBINE COMBUSTION CHAMBERS 
F24B	DOMESTIC STOVES OR RANGES FOR SOLID FUELS
F24C	OTHER DOMESTIC STOVES OR RANGES; DETAILS OF DOMESTIC STOVES OR RANGES, OF GENERAL APPLICATION 
F24D	DOMESTIC- OR SPACE-HEATING SYSTEMS, e.g. CENTRAL HEATING SYSTEMS; DOMESTIC HOT-WATER SUPPLY SYSTEMS; ELEMENTS OR COMPONENTS THEREFOR 
F24F	AIR-CONDITIONING, AIR-HUMIDIFICATION, VENTILATION, USE OF AIR CURRENTS FOR SCREENING ; B64D13/00
F24H	FLUID HEATERS, e.g. WATER OR AIR HEATERS, HAVING HEAT GENERATING MEANS, IN GENERAL 
F24J	PRODUCING OR USE OF HEAT NOT OTHERWISE PROVIDED FOR 
F25B	REFRIGERATION MACHINES, PLANTS OR SYSTEMS; COMBINED HEATING AND REFRIGERATION SYSTEMS; HEAT-PUMP SYSTEMS 
F25C	PRODUCTION, WORKING, STORING OR DISTRIBUTION OF ICE 
F25D	REFRIGERATORS; COLD ROOMS; ICE-BOXES; COOLING OR FREEZING APPARATUS NOT COVERED BY ANY OTHER SUBCLASS 
F25J	LIQUEFACTION, SOLIDIFICATION OR SEPARATION OF GASES OR GASEOUS ; OR LIQUEFIED GASEOUS;  MIXTURES BY PRESSURE AND COLD TREATMENT ; OR BY BRINGING THEM INTO THE SUPERCRITICAL STATE 
F26B	DRYING SOLID MATERIALS OR OBJECTS BY REMOVING LIQUID THEREFROM 
F27B	FURNACES, KILNS, OVENS, OR RETORTS IN GENERAL; OPEN SINTERING OR LIKE APPARATUS
F27D	DETAILS OR ACCESSORIES OF FURNACES, KILNS, OVENS, OR RETORTS, IN SO FAR AS THEY ARE OF KINDS OCCURRING IN MORE THAN ONE KIND OF FURNACE 
F27M	INDEXING SCHEME RELATING TO ASPECTS OF THE CHARGES OR FURNACES, KILNS, OVENS OR RETORTS
F28B	STEAM OR VAPOUR CONDENSERS 
F28C	HEAT-EXCHANGE APPARATUS, NOT PROVIDED FOR IN ANOTHER SUBCLASS, IN WHICH THE HEAT-EXCHANGE MEDIA COME INTO DIRECT CONTACT WITHOUT CHEMICAL INTERACTION 
F28D	HEAT-EXCHANGE APPARATUS, NOT PROVIDED FOR IN ANOTHER SUBCLASS, IN WHICH THE HEAT-EXCHANGE MEDIA DO NOT COME INTO DIRECT CONTACT 
F28F	DETAILS OF HEAT-EXCHANGE AND HEAT-TRANSFER APPARATUS, OF GENERAL APPLICATION 
F28G	CLEANING OF INTERNAL OR EXTERNAL SURFACES OF HEAT-EXCHANGE OR HEAT-TRANSFER CONDUITS, e.g. WATER TUBES OR BOILERS 
F41A	FUNCTIONAL FEATURES OR DETAILS COMMON TO BOTH SMALLARMS AND ORDNANCE, e.g. CANNONS; MOUNTINGS FOR SMALLARMS OR ORDNANCE
F41B	WEAPONS FOR PROJECTING MISSILES WITHOUT USE OF EXPLOSIVE OR COMBUSTIBLE PROPELLANT CHARGE; WEAPONS NOT OTHERWISE PROVIDED FOR 
F41C	SMALLARMS, e.g. PISTOLS, RIFLES ; ACCESSORIES THEREFOR
F41F	APPARATUS FOR LAUNCHING PROJECTILES OR MISSILES FROM BARRELS, e.g. CANNONS ; LAUNCHERS FOR ROCKETS OR TORPEDOES; HARPOON GUNS 
F41G	WEAPON SIGHTS; AIMING 
F41H	ARMOUR; ARMOURED TURRETS; ARMOURED OR ARMED VEHICLES; MEANS OF ATTACK OR DEFENCE, e.g. CAMOUFLAGE, IN GENERAL
F41J	TARGETS; TARGET RANGES; BULLET CATCHERS 
F42B	EXPLOSIVE CHARGES, e.g. FOR BLASTING, FIREWORKS, AMMUNITION 
F42C	AMMUNITION FUZES ; ARMING OR SAFETY MEANS THEREFOR 
F42D	BLASTING 
G01B	MEASURING ANGLES; MEASURING AREAS; MEASURING IRREGULARITIES OF SURFACES OR CONTOURS 
G01C	MEASURING DISTANCES, LEVELS OR BEARINGS; SURVEYING; NAVIGATION; GYROSCOPIC INSTRUMENTS
G01D	MEASURING NOT SPECIALLY ADAPTED FOR A SPECIFIC VARIABLE; ARRANGEMENTS FOR MEASURING TWO OR MORE VARIABLES NOT COVERED IN A SINGLE OTHER SUBCLASS; TARIFF METERING APPARATUS; MEASURING OR TESTING NOT OTHERWISE PROVIDED FOR 
G01F	MEASURING VOLUME, VOLUME FLOW, MASS FLOW OR LIQUID LEVEL; METERING BY VOLUME 
G01G	WEIGHING 
G01H	MEASUREMENT OF MECHANICAL VIBRATIONS OR ULTRASONIC, SONIC OR INFRASONIC WAVES ; H03H3/007, H03H9/00
G01J	MEASUREMENT OF INTENSITY, VELOCITY, SPECTRAL CONTENT, POLARISATION, PHASE OR PULSE CHARACTERISTICS OF INFRA-RED, VISIBLE OR ULTRA-VIOLET LIGHT; COLORIMETRY; RADIATION PYROMETRY 
G01K	MEASURING TEMPERATURE; MEASURING QUANTITY OF HEAT; THERMALLY-SENSITIVE ELEMENTS NOT OTHERWISE PROVIDED FOR 
G01L	MEASURING FORCE, STRESS, TORQUE, WORK, MECHANICAL POWER, MECHANICAL EFFICIENCY, OR FLUID PRESSURE 
G01M	TESTING STATIC OR DYNAMIC BALANCE OF MACHINES OR STRUCTURES; TESTING STRUCTURES OR APPARATUS NOT OTHERWISE PROVIDED FOR 
G01N	INVESTIGATING OR ANALYSING MATERIALS BY DETERMINING THEIR CHEMICAL OR PHYSICAL PROPERTIES 
G01P	MEASURING LINEAR OR ANGULAR SPEED, ACCELERATION, DECELERATION, OR SHOCK; INDICATING PRESENCE, ABSENCE, OR DIRECTION, OF MOVEMENT 
G01Q	SCANNING-PROBE TECHNIQUES OR APPARATUS; APPLICATIONS OF SCANNING-PROBE TECHNIQUES, e.g. SCANNING PROBE MICROSCOPY [SPM]
G01R	MEASURING ELECTRIC VARIABLES; MEASURING MAGNETIC VARIABLES 
G01S	RADIO DIRECTION-FINDING; RADIO NAVIGATION; DETERMINING DISTANCE OR VELOCITY BY USE OF RADIO WAVES; LOCATING OR PRESENCE-DETECTING BY USE OF THE REFLECTION OR RERADIATION OF RADIO WAVES; ANALOGOUS ARRANGEMENTS USING OTHER WAVES 
G01T	MEASUREMENT OF NUCLEAR OR X-RADIATION 
G01V	GEOPHYSICS; GRAVITATIONAL MEASUREMENTS; DETECTING MASSES OR OBJECTS 
G01W	METEOROLOGY 
G02B	OPTICAL ELEMENTS, SYSTEMS, OR APPARATUS 
G02C	SPECTACLES; SUNGLASSES OR GOGGLES INSOFAR AS THEY HAVE THE SAME FEATURES AS SPECTACLES; CONTACT LENSES 
G02F	DEVICES OR ARRANGEMENTS, THE OPTICAL OPERATION OF WHICH IS MODIFIED BY CHANGING THE OPTICAL PROPERTIES OF THE MEDIUM OF THE DEVICES OR ARRANGEMENTS FOR THE CONTROL OF THE INTENSITY, COLOUR, PHASE, POLARISATION OR DIRECTION OF LIGHT, e.g. SWITCHING, GATING,
G03B	APPARATUS OR ARRANGEMENTS FOR TAKING PHOTOGRAPHS OR FOR PROJECTING OR VIEWING THEM; APPARATUS OR ARRANGEMENTS EMPLOYING ANALOGOUS TECHNIQUES USING WAVES OTHER THAN OPTICAL WAVES; ACCESSORIES THEREFOR 
G03C	PHOTOSENSITIVE MATERIALS FOR PHOTOGRAPHIC PURPOSES ; PHOTOGRAPHIC PROCESSES, e.g. CINE, X-RAY, COLOUR, STEREO-PHOTOGRAPHIC PROCESSES; AUXILIARY PROCESSES IN PHOTOGRAPHY 
G03D	APPARATUS FOR PROCESSING EXPOSED PHOTOGRAPHIC MATERIALS ; ACCESSORIES THEREFOR 
G03F	PHOTOMECHANICAL PRODUCTION OF TEXTURED OR PATTERNED SURFACES, e.g. FOR PRINTING, FOR PROCESSING OF SEMICONDUCTOR DEVICES; MATERIALS THEREFOR; ORIGINALS THEREFOR; APPARATUS SPECIALLY ADAPTED THEREFOR; 
G03G	ELECTROGRAPHY; ELECTROPHOTOGRAPHY; MAGNETOGRAPHY 
G03H	HOLOGRAPHIC PROCESSES OR APPARATUS 
G04B	MECHANICALLY-DRIVEN CLOCKS OR WATCHES; MECHANICAL PARTS OF CLOCKS OR WATCHES IN GENERAL; TIME PIECES USING THE POSITION OF THE SUN, MOON OR STARS 
G04C	ELECTROMECHANICAL CLOCKS OR WATCHES 
G04D	APPARATUS OR TOOLS SPECIALLY DESIGNED FOR MAKING OR MAINTAINING CLOCKS OR WATCHES
G04F	TIME-INTERVAL MEASURING 
G04G	ELECTRONIC TIME-PIECES
G04R	RADIO-CONTROLLED TIME-PIECES
G05B	CONTROL OR REGULATING SYSTEMS IN GENERAL; FUNCTIONAL ELEMENTS OF SUCH SYSTEMS; MONITORING OR TESTING ARRANGEMENTS FOR SUCH SYSTEMS OR ELEMENTS 
G05D	SYSTEMS FOR CONTROLLING OR REGULATING NON-ELECTRIC VARIABLES 
G05F	SYSTEMS FOR REGULATING ELECTRIC OR MAGNETIC VARIABLES 
G05G	CONTROL DEVICES OR SYSTEMS INSOFAR AS CHARACTERISED BY MECHANICAL FEATURES ONLY 
G06C	DIGITAL COMPUTERS IN WHICH ALL THE COMPUTATION IS EFFECTED MECHANICALLY 
G06D	DIGITAL FLUID-PRESSURE COMPUTING DEVICES
G06E	OPTICAL COMPUTING DEVICES; ; COMPUTING DEVICES USING OTHER RADIATIONS WITH SIMILAR PROPERTIES
G06F	ELECTRICAL DIGITAL DATA PROCESSING 
G06G	ANALOGUE COMPUTERS 
G06J	HYBRID COMPUTING ARRANGEMENTS 
G06K	RECOGNITION OF DATA; PRESENTATION OF DATA; RECORD CARRIERS; HANDLING RECORD CARRIERS
G06M	COUNTING MECHANISMS; COUNTING OF OBJECTS NOT OTHERWISE PROVIDED FOR 
G06N	COMPUTER SYSTEMS BASED ON SPECIFIC COMPUTATIONAL MODELS
G06Q	DATA PROCESSING SYSTEMS OR METHODS, SPECIALLY ADAPTED FOR ADMINISTRATIVE, COMMERCIAL, FINANCIAL, MANAGERIAL, SUPERVISORY OR FORECASTING PURPOSES; SYSTEMS OR METHODS SPECIALLY ADAPTED FOR ADMINISTRATIVE, COMMERCIAL, FINANCIAL, MANAGERIAL, SUPERVISORY OR FOR
G06T	IMAGE DATA PROCESSING OR GENERATION, IN GENERAL
G07B	TICKET-ISSUING APPARATUS; FARE-REGISTERING APPARATUS; FRANKING APPARATUS
G07C	TIME OR ATTENDANCE REGISTERS; REGISTERING OR INDICATING THE WORKING OF MACHINES; GENERATING RANDOM NUMBERS; VOTING OR LOTTERY APPARATUS; ARRANGEMENTS, SYSTEMS OR APPARATUS FOR CHECKING NOT PROVIDED FOR ELSEWHERE 
G07D	HANDLING OF COINS OR OF PAPER CURRENCY OR SIMILAR VALUABLE PAPERS, e.g. TESTING, SORTING BY DENOMINATIONS, COUNTING, DISPENSING, CHANGING OR DEPOSITING
G07F	COIN-FREED OR LIKE APPARATUS 
G07G	REGISTERING THE RECEIPT OF CASH, VALUABLES, OR TOKENS 
G08B	SIGNALLING OR CALLING SYSTEMS; ORDER TELEGRAPHS; ALARM SYSTEMS 
G08C	TRANSMISSION SYSTEMS FOR MEASURED VALUES, CONTROL OR SIMILAR SIGNALS 
G08G	TRAFFIC CONTROL SYSTEMS 
G09B	EDUCATIONAL OR DEMONSTRATION APPLIANCES; APPLIANCES FOR TEACHING, OR COMMUNICATING WITH, THE BLIND, DEAF OR MUTE; MODELS; PLANETARIA; GLOBES; MAPS; DIAGRAMS 
G09C	CODING OR CIPHERING APPARATUS FOR CRYPTOGRAPHIC OR OTHER PURPOSES INVOLVING THE NEED FOR SECRECY 
G09D	RAILWAY OR LIKE TIME OR FARE TABLES; PERPETUAL CALENDARS 
G09F	DISPLAYING; ADVERTISING; SIGNS; LABELS OR NAME-PLATES; SEALS ; G06F3/14
G09G	ARRANGEMENTS OR CIRCUITS FOR CONTROL OF INDICATING DEVICES USING STATIC MEANS TO PRESENT VARIABLE INFORMATION 
G10B	ORGANS; HARMONIUMS OR LIKE WIND-ACTUATED MUSICAL INSTRUMENTS 
G10C	PIANOS, HARPSICHORDS, SPINETS OR SIMILAR STRINGED MUSICAL INSTRUMENTS WITH ONE OR MORE KEYBOARD 
G10D	STRINGED MUSICAL INSTRUMENTS; WIND MUSICAL INSTRUMENTS; ACCORDIONS OR CONCERTINAS; PERCUSSION MUSICAL INSTRUMENTS; MUSICAL INSTRUMENTS NOT OTHERWISE PROVIDED FOR 
G10F	AUTOMATIC MUSICAL INSTRUMENTS 
G10G	AIDS FOR MUSIC ; SUPPORTS FOR MUSICAL INSTRUMENTS; OTHER AUXILIARY DEVICES OR ACCESSORIES FOR MUSIC OR MUSICAL INSTRUMENTS 
G10H	ELECTROPHONIC MUSICAL INSTRUMENTS 
G10K	SOUND-PRODUCING DEVICES ; ACOUSTICS NOT OTHERWISE PROVIDED FOR 
G10L	SPEECH ANALYSIS OR SYNTHESIS; SPEECH RECOGNITION; SPEECH OR VOICE PROCESSING; SPEECH OR AUDIO CODING OR DECODING
G11B	INFORMATION STORAGE BASED ON RELATIVE MOVEMENT BETWEEN RECORD CARRIER AND TRANSDUCER ; H04N1/21
G11C	STATIC STORES 
G12B	CONSTRUCTIONAL DETAILS OF INSTRUMENTS, OR COMPARABLE DETAILS OF OTHER APPARATUS, NOT OTHERWISE PROVIDED FOR
G21B	FUSION REACTORS 
G21C	NUCLEAR REACTORS 
G21D	NUCLEAR POWER PLANT 
G21F	PROTECTION AGAINST X-RADIATION, GAMMA RADIATION, CORPUSCULAR RADIATION OR PARTICLE BOMBARDMENT; TREATING RADIOACTIVELY CONTAMINATED MATERIAL; DECONTAMINATION ARRANGEMENTS THEREFOR 
G21G	CONVERSION OF CHEMICAL ELEMENTS; RADIOACTIVE SOURCES 
G21H	APPLICATIONS OF RADIATION FROM RADIOACTIVE SOURCES; UTILISING COSMIC RADIATION 
G21J	NUCLEAR EXPLOSIVES; APPLICATIONS THEREOF 
G21K	TECHNIQUES FOR HANDLING PARTICLES OR IONISING RADIATION NOT OTHERWISE PROVIDED FOR; IRRADIATION DEVICES; GAMMA RAY OR X-RAY MICROSCOPES
G21Y	INDEXING SCHEME RELATING TO NUCLEAR REACTORS, POWER PLANTS AND EXPLOSIVES, TO PROTECTION AGAINST RADIATION, TO THE TREATMENT OF RADIOACTIVELY CONTAMINATED MATERIAL, TO APPLICATIONS OF RADIOACTIVE SOURCES AND TO THE UTILISATION OF COSMIC RADIATION
H01B	CABLES; CONDUCTORS; INSULATORS; SELECTION OF MATERIALS FOR THEIR CONDUCTIVE, INSULATING OR DIELECTRIC PROPERTIES 
H01C	RESISTORS
H01F	MAGNETS; INDUCTANCES; TRANSFORMERS; SELECTION OF MATERIALS FOR THEIR MAGNETIC PROPERTIES 
H01G	CAPACITORS; CAPACITORS, RECTIFIERS, DETECTORS, SWITCHING DEVICES OR LIGHT-SENSITIVE DEVICES, OF THE ELECTROLYTIC TYPE 
H01H	ELECTRIC SWITCHES; RELAYS; SELECTORS
H01J	ELECTRIC DISCHARGE TUBES OR DISCHARGE LAMPS 
H01K	ELECTRIC INCANDESCENT LAMPS 
H01L	SEMICONDUCTOR DEVICES; ELECTRIC SOLID STATE DEVICES NOT OTHERWISE PROVIDED FOR 
H01M	
H01P	WAVEGUIDES; RESONATORS, LINES, OR OTHER DEVICES OF THE WAVEGUIDE TYPE 
H01Q	AERIALS 
H01R	LINE CONNECTORS; CURRENT COLLECTORS 
H01S	DEVICES USING STIMULATED EMISSION
H01T	SPARK GAPS; OVERVOLTAGE ARRESTERS USING SPARK GAPS; SPARKING PLUGS; CORONA DEVICES; GENERATING IONS TO BE INTRODUCED INTO NON-ENCLOSED GASES 
H02B	BOARDS, SUBSTATIONS, OR SWITCHING ARRANGEMENTS FOR THE SUPPLY OR DISTRIBUTION OF ELECTRIC POWER 
H02G	INSTALLATION OF ELECTRIC CABLES OR LINES, OR OF COMBINED OPTICAL AND ELECTRIC CABLES OR LINES 
H02H	
H02J	CIRCUIT ARRANGEMENTS OR SYSTEMS FOR SUPPLYING OR DISTRIBUTING ELECTRIC POWER; SYSTEMS FOR STORING ELECTRIC ENERGY 
H02K	DYNAMO-ELECTRIC MACHINES ; H03K3/53
H02M	APPARATUS FOR CONVERSION BETWEEN AC AND AC, BETWEEN AC AND DC, OR BETWEEN DC AND DC, AND FOR USE WITH MAINS OR SIMILAR POWER SUPPLY SYSTEMS; CONVERSION OF DC OR AC INPUT POWER INTO SURGE OUTPUT POWER; CONTROL OR REGULATION THEREOF ; G06F1/025, G06F1/04
H02N	ELECTRIC MACHINES NOT OTHERWISE PROVIDED FOR
H02P	CONTROL OR REGULATION OF ELECTRIC MOTORS, ELECTRIC GENERATORS OR DYNAMO-ELECTRIC CONVERTERS; CONTROLLING TRANSFORMERS, REACTORS OR CHOKE COILS
H02S	GENERATION OF ELECTRIC POWER BY CONVERSION OF INFRA-RED RADIATION, VISIBLE LIGHT OR ULTRAVIOLET LIGHT, e.g. USING PHOTOVOLTAIC [PV] MODULES 
H03B	GENERATION OF OSCILLATIONS, DIRECTLY OR BY FREQUENCY-CHANGING, BY CIRCUITS EMPLOYING ACTIVE ELEMENTS WHICH OPERATE IN A NON-SWITCHING MANNER; GENERATION OF NOISE BY SUCH CIRCUITS 
H03C	MODULATION 
H03D	DEMODULATION OR TRANSFERENCE OF MODULATION FROM ONE CARRIER TO ANOTHER 
H03F	AMPLIFIERS 
H03G	CONTROL OF AMPLIFICATION 
H03H	IMPEDANCE NETWORKS, e.g. RESONANT CIRCUITS; RESONATORS 
H03J	TUNING RESONANT CIRCUITS; SELECTING RESONANT CIRCUITS 
H03K	PULSE TECHNIQUE 
H03L	AUTOMATIC CONTROL, STARTING, SYNCHRONISATION, OR STABILISATION OF GENERATORS OF ELECTRONIC OSCILLATIONS OR PULSES 
H03M	CODING; DECODING; CODE CONVERSION IN GENERAL 
H04B	TRANSMISSION 
H04H	BROADCAST COMMUNICATION 
H04J	MULTIPLEX COMMUNICATION 
H04K	SECRET COMMUNICATION; JAMMING OF COMMUNICATION
H04L	TRANSMISSION OF DIGITAL INFORMATION, e.g. TELEGRAPHIC COMMUNICATION 
H04M	TELEPHONIC COMMUNICATION 
H04N	PICTORIAL COMMUNICATION, e.g. TELEVISION ; G08C21/00
H04Q	SELECTING 
H04R	LOUDSPEAKERS, MICROPHONES, GRAMOPHONE PICK-UPS OR LIKE ACOUSTIC ELECTROMECHANICAL TRANSDUCERS; DEAF-AID SETS; PUBLIC ADDRESS SYSTEMS 
H04S	STEREOPHONIC SYSTEMS 
H04T	INDEXING SCHEME RELATING TO STANDARDS FOR ELECTRIC COMMUNICATION TECHNIQUE ; CLASS H04
H04W	WIRELESS COMMUNICATIONS NETWORKS 
H05B	ELECTRIC HEATING; ELECTRIC LIGHTING NOT OTHERWISE PROVIDED FOR 
H05C	ELECTRIC CIRCUITS OR APPARATUS SPECIALLY DESIGNED FOR USE IN EQUIPMENT FOR KILLING, STUNNING, OR GUIDING LIVING BEINGS 
H05F	STATIC ELECTRICITY; NATURALLY-OCCURRING ELECTRICITY 
H05G	X-RAY TECHNIQUE 
H05H	PLASMA TECHNIQUE ; PRODUCTION OF ACCELERATED ELECTRICALLY-CHARGED PARTICLES OR OF NEUTRONS ; PRODUCTION OR ACCELERATION OF NEUTRAL MOLECULAR OR ATOMIC BEAMS 
H05K	PRINTED CIRCUITS; CASINGS OR CONSTRUCTIONAL DETAILS OF ELECTRIC APPARATUS; MANUFACTURE OF ASSEMBLAGES OF ELECTRICAL COMPONENTS 
Y02B	INDEXING SCHEME RELATING TO CLIMATE CHANGE MITIGATION TECHNOLOGIES RELATED TO BUILDINGS, e.g. INCLUDING HOUSING AND APPLIANCES OR RELATED END-USER APPLICATIONS
Y02C	CAPTURE, STORAGE, SEQUESTRATION OR DISPOSAL OF GREENHOUSE GASES [GHG]
Y02E	REDUCTION OF GREENHOUSE GASES [GHG] EMISSION, RELATED TO ENERGY GENERATION, TRANSMISSION OR DISTRIBUTION
Y02P	CLIMATE CHANGE MITIGATION TECHNOLOGIES IN THE PRODUCTION OR PROCESSING OF GOODS
Y02T	CLIMATE CHANGE MITIGATION TECHNOLOGIES RELATED TO TRANSPORTATION
Y02W	CLIMATE CHANGE MITIGATION TECHNOLOGIES RELATED TO WASTEWATER TREATMENT OR WASTE MANAGEMENT
Y04S	SYSTEMS INTEGRATING TECHNOLOGIES RELATED TO POWER NETWORK OPERATION, COMMUNICATION OR INFORMATION TECHNOLOGIES FOR IMPROVING THE ELECTRICAL POWER GENERATION, TRANSMISSION, DISTRIBUTION, MANAGEMENT OR USAGE, i.e. SMART GRIDS
Y10S	
Y10T	TECHNICAL SUBJECTS COVERED BY FORMER US CLASSIFICATION
